{
  "productTypes": [
    {
      "_id": "",
      "id": null,
      "name": "Book"
    },
    {
      "_id": "5b6fb438c2cca5021a29ac07",
      "name": "Phone"
    },
    {
      "_id": "5b6c751fc2cca5021a29aaa7",
      "id": null,
      "name": "Mice"
    },
    {
      "_id": "5b703445c2cca5021a29ac3e",
      "name": "Computer"
    },
    {
      "_id": "5b72cbd3c2cca5021a29aca0",
      "name": "Tablet"
    },
    {
      "_id": "5b72cc3cc2cca5021a29aca3",
      "name": "Laptop"
    },
    {
      "_id": "5b73fc4dc2cca5021a29acfa",
      "id": null,
      "name": "Camera"
    },
    {
      "_id": "5b740993c2cca5021a29ad06",
      "id": null,
      "name": "Nike"
    },
    {
      "_id": "5b740a8fc2cca5021a29ad07",
      "id": null,
      "name": "Helmet"
    }
  ],
  "products": [
    {
      "_id": "5a3d0656de787a461e9cf4fd",
      "id": "p7",
      "name": "Beats Pill Speaker",
      "price": "399",
      "description": "Imported from Canada",
      "brand": "Beats",
      "producer": "Beats",
      "imageUrl": "https://encrypted-tbn0.gstatic.com/images?q=tbn:ANd9GcRFk5XbVf3lV2eDc1w-r8EZrxIxPIxv27rLP9eULJ89ZVtoawxk",
      "productType": "c6"
    },
    {
      "_id": "5a3d27a1de787a461e9cf50b",
      "id": "p8",
      "name": "Apple Watch 3",
      "price": "500",
      "description": "Black",
      "brand": "Apple",
      "producer": "Apple",
      "imageUrl": "https://cdn.pocket-lint.com/r/s/1200x/assets/images/142202-smartwatches-news-apple-watch-3-leaks-again-image1-v3yh4uinr9.jpg",
      "productType": "c3"
    },
    {
      "_id": "5a3d282dde787a461e9cf50c",
      "id": "p9",
      "name": "Samsung Galaxy S8",
      "price": "700",
      "description": "Infinity Screen",
      "brand": "Samsung",
      "producer": "Samsung",
      "imageUrl": "https://s7d2.scene7.com/is/image/SamsungUS/S8_Black_front?$product-details-jpg$",
      "productType": "c2"
    },
    {
      "_id": "5b6700f884791403d5118d22",
      "id": "p1",
      "name": "OnePlus 5T",
      "price": "400",
      "description": "The OnePlus 5T represents some of the best value for money on the market. You won't be disappointed.",
      "brand": "OnePlus",
      "producer": "OnePlus",
      "imageUrl": "https://img2.wantitall.co.za/prodimages/oneplus-5t-a5010-8gb-ram-128gb-6-01-inch-us-version-midnight-black__41oemDofddL.jpg",
      "productType": "c2"
    },
    {
      "_id": "5b67027584791403d5118d23",
      "id": "p10",
      "name": "Google Pixel 2 XL",
      "price": "647",
      "description": "The Google Pixel 2 XL is a stunning fruit to bear from the company’s still-young focus on melding its software and hardware efforts. ",
      "brand": "Google",
      "producer": "Google",
      "imageUrl": "https://drop.ndtv.com/TECH/product_database/images/104201774205PM_635_google_pixel_2_xl.jpeg",
      "productType": "c2"
    },
    {
      "_id": "5a38aa1ef0f46b000465116b",
      "id": "1752998934921999",
      "name": "Beats By Dre",
      "price": "200",
      "description": "New Version",
      "brand": "Beats",
      "producer": "Beats",
      "imageUrl": "http://mydjblog.com/wp-content/uploads/Beats-by-Dr-Dre.jpg",
      "productType": "c4"
    },
    {
      "_id": "5b741c4e84791403d5118d34",
      "id": "12",
      "name": "iphone 8",
      "price": "99",
      "description": "",
      "brand": "Apple",
      "producer": "Apple",
      "imageUrl": "https://cdn.tgdd.vn/Products/Images/44/107359/apple-macbook-pro-touch-mpxx2sa-a-450x300-450x300.jpg",
      "productType": "Camera"
    },
    {
      "id": "1927611asdf7478689",
      "name": "The Devotion of Suspect XYZ",
      "price": "499",
      "description": "A Product",
      "brand": "Trẻ Publishing",
      "producer": "Tre Publisher",
      "imageUrl": "https://isach.info/images/story/cover/cho_toi_xin_mot_ve_di_tuoi_tho__nguyen_nhat_anh.jpg",
      "productType": "Book"
    }
  ]
}